AG [mm],RPM [rpm],Time [ms],brake [NewtonMeter]
3.934383552,100,0,0.00424304
3.934383552,100,1,1.59622471
3.934383552,100,2,2.379321939
3.934383552,100,3,2.819293476
3.934383552,100,4,3.112731738
3.934383552,100,5,3.32649737
3.934383552,100,6,3.417156045
3.934383552,100,7,3.496121138
3.934383552,100,8,3.554566531
3.934383552,100,9,3.569298585
3.934383552,100,10,3.549879935
3.934383552,100,11,3.56123856
3.934383552,100,12,3.619095401
3.934383552,100,13,3.670779598
3.934383552,100,14,3.696839664
3.934383552,100,15,3.689683985
3.934383552,100,16,3.672933672
3.934383552,100,17,3.707923281
3.934383552,100,18,3.740051594
3.934383552,100,19,3.764900834
3.934383552,100,20,3.779397931
3.934383552,100,21,3.76999178
3.934383552,100,22,3.778482755
3.934383552,100,23,3.776151239
3.934383552,100,24,3.788202092
3.934383552,100,25,3.796988289
3.934383552,100,26,3.763497646
3.934383552,100,27,3.743819579
3.934383552,100,28,3.739434981
3.934383552,100,29,3.77377885
3.934383552,100,30,3.813668573
3.934383552,150,0,0.00424304
3.934383552,150,1,2.383297434
3.934383552,150,2,3.548514306
3.934383552,150,3,4.27020752
3.934383552,150,4,4.668182112
3.934383552,150,5,4.92963861
3.934383552,150,6,5.06524853
3.934383552,150,7,5.08904892
3.934383552,150,8,5.214814687
3.934383552,150,9,5.326597099
3.934383552,150,10,5.359739355
3.934383552,150,11,5.366949328
3.934383552,150,12,5.442519728
3.934383552,150,13,5.497785136
3.934383552,150,14,5.503610652
3.934383552,150,15,5.524126597
3.934383552,150,16,5.537029545
3.934383552,150,17,5.54860167
3.934383552,150,18,5.507751608
3.934383552,150,19,5.519523094
3.934383552,150,20,5.578343806
3.934383552,150,21,5.583225292
3.934383552,150,22,5.565023094
3.934383552,150,23,5.559959377
3.934383552,150,24,5.580289259
3.934383552,150,25,5.560403553
3.934383552,150,26,5.542012331
3.934383552,150,27,5.513857492
3.934383552,150,28,5.533886405
3.934383552,150,29,5.56461736
3.934383552,150,30,5.600940378
3.934383552,200,0,0.00424304
3.934383552,200,1,3.160619027
3.934383552,200,2,4.732554033
3.934383552,200,3,5.654309277
3.934383552,200,4,6.197664145
3.934383552,200,5,6.432531664
3.934383552,200,6,6.647849485
3.934383552,200,7,6.854354719
3.934383552,200,8,6.918906496
3.934383552,200,9,7.039520228
3.934383552,200,10,7.129614953
3.934383552,200,11,7.162613753
3.934383552,200,12,7.199663996
3.934383552,200,13,7.207264177
3.934383552,200,14,7.191016742
3.934383552,200,15,7.26500834
3.934383552,200,16,7.270955221
3.934383552,200,17,7.252290632
3.934383552,200,18,7.271832153
3.934383552,200,19,7.251336688
3.934383552,200,20,7.223005639
3.934383552,200,21,7.228317172
3.934383552,200,22,7.267293941
3.934383552,200,23,7.320367016
3.934383552,200,24,7.300884284
3.934383552,200,25,7.251467997
3.934383552,200,26,7.265246544
3.934383552,200,27,7.218714153
3.934383552,200,28,7.202089297
3.934383552,200,29,7.222643127
3.934383552,200,30,7.204367531
3.934383552,250,0,0.00424304
3.934383552,250,1,3.934556477
3.934383552,250,2,5.93687171
3.934383552,250,3,7.027604417
3.934383552,250,4,7.57821086
3.934383552,250,5,7.993345878
3.934383552,250,6,8.289210237
3.934383552,250,7,8.4634893
3.934383552,250,8,8.628229245
3.934383552,250,9,8.708063196
3.934383552,250,10,8.778600419
3.934383552,250,11,8.758628315
3.934383552,250,12,8.846749375
3.934383552,250,13,8.856523594
3.934383552,250,14,8.846462045
3.934383552,250,15,8.857824825
3.934383552,250,16,8.828378156
3.934383552,250,17,8.824851391
3.934383552,250,18,8.885476902
3.934383552,250,19,8.893009743
3.934383552,250,20,8.851086354
3.934383552,250,21,8.86182789
3.934383552,250,22,8.783188009
3.934383552,250,23,8.801175975
3.934383552,250,24,8.778975364
3.934383552,250,25,8.782763798
3.934383552,250,26,8.783778238
3.934383552,250,27,8.729642797
3.934383552,250,28,8.774792236
3.934383552,250,29,8.757452372
3.934383552,250,30,8.693012909
3.934383552,300,0,0.00424304
3.934383552,300,1,4.70765255
3.934383552,300,2,7.079060777
3.934383552,300,3,8.352064896
3.934383552,300,4,9.020106172
3.934383552,300,5,9.538023109
3.934383552,300,6,9.839789605
3.934383552,300,7,10.05838995
3.934383552,300,8,10.19760735
3.934383552,300,9,10.23865137
3.934383552,300,10,10.33163597
3.934383552,300,11,10.35074695
3.934383552,300,12,10.36059899
3.934383552,300,13,10.34742219
3.934383552,300,14,10.33388921
3.934383552,300,15,10.38106694
3.934383552,300,16,10.39628467
3.934383552,300,17,10.30616389
3.934383552,300,18,10.30755808
3.934383552,300,19,10.27524462
3.934383552,300,20,10.24888855
3.934383552,300,21,10.2488683
3.934383552,300,22,10.22705271
3.934383552,300,23,10.19413461
3.934383552,300,24,10.21989983
3.934383552,300,25,10.14209555
3.934383552,300,26,10.17070963
3.934383552,300,27,10.18506835
3.934383552,300,28,10.20610395
3.934383552,300,29,10.10168472
3.934383552,300,30,10.11117505
3.934383552,350,0,0.00424304
3.934383552,350,1,5.477591977
3.934383552,350,2,8.219326956
3.934383552,350,3,9.550643834
3.934383552,350,4,10.47899996
3.934383552,350,5,10.99337191
3.934383552,350,6,11.33861995
3.934383552,350,7,11.5585778
3.934383552,350,8,11.61253949
3.934383552,350,9,11.73371205
3.934383552,350,10,11.73379038
3.934383552,350,11,11.74798316
3.934383552,350,12,11.73038224
3.934383552,350,13,11.78191864
3.934383552,350,14,11.77918206
3.934383552,350,15,11.72094778
3.934383552,350,16,11.63004935
3.934383552,350,17,11.60785902
3.934383552,350,18,11.60173802
3.934383552,350,19,11.55464858
3.934383552,350,20,11.55974964
3.934383552,350,21,11.52461786
3.934383552,350,22,11.50283846
3.934383552,350,23,11.48986743
3.934383552,350,24,11.52753953
3.934383552,350,25,11.42286434
3.934383552,350,26,11.42550499
3.934383552,350,27,11.35595096
3.934383552,350,28,11.39112728
3.934383552,350,29,11.38216992
3.934383552,350,30,11.42465075
3.934383552,400,0,0.00424304
3.934383552,400,1,6.253137145
3.934383552,400,2,9.340891024
3.934383552,400,3,10.83187568
3.934383552,400,4,11.7994949
3.934383552,400,5,12.41663567
3.934383552,400,6,12.7400963
3.934383552,400,7,12.87916631
3.934383552,400,8,13.01782074
3.934383552,400,9,13.03374428
3.934383552,400,10,13.0234445
3.934383552,400,11,13.02944509
3.934383552,400,12,13.06798332
3.934383552,400,13,12.9995258
3.934383552,400,14,12.90671862
3.934383552,400,15,12.86136947
3.934383552,400,16,12.83795637
3.934383552,400,17,12.76986304
3.934383552,400,18,12.77283485
3.934383552,400,19,12.68777173
3.934383552,400,20,12.69993933
3.934383552,400,21,12.73152325
3.934383552,400,22,12.61967093
3.934383552,400,23,12.6130393
3.934383552,400,24,12.55625931
3.934383552,400,25,12.55265225
3.934383552,400,26,12.6193771
3.934383552,400,27,12.55349233
3.934383552,400,28,12.53684783
3.934383552,400,29,12.60402325
3.934383552,400,30,12.57261195
3.934383552,450,0,0.00424304
3.934383552,450,1,7.037784685
3.934383552,450,2,10.38846844
3.934383552,450,3,12.10287158
3.934383552,450,4,13.12620076
3.934383552,450,5,13.70868001
3.934383552,450,6,13.99637037
3.934383552,450,7,14.19109839
3.934383552,450,8,14.22217928
3.934383552,450,9,14.20253859
3.934383552,450,10,14.21892607
3.934383552,450,11,14.19838196
3.934383552,450,12,14.09781354
3.934383552,450,13,14.02690681
3.934383552,450,14,13.95852648
3.934383552,450,15,13.89101063
3.934383552,450,16,13.87480442
3.934383552,450,17,13.79826396
3.934383552,450,18,13.7812763
3.934383552,450,19,13.75026517
3.934383552,450,20,13.6768582
3.934383552,450,21,13.62362641
3.934383552,450,22,13.64231505
3.934383552,450,23,13.67840756
3.934383552,450,24,13.61794593
3.934383552,450,25,13.60630773
3.934383552,450,26,13.6643516
3.934383552,450,27,13.6335658
3.934383552,450,28,13.64693648
3.934383552,450,29,13.53864341
3.934383552,450,30,13.61702507
3.934383552,500,0,0.00424304
3.934383552,500,1,7.796648606
3.934383552,500,2,11.37603553
3.934383552,500,3,13.30252321
3.934383552,500,4,14.38562394
3.934383552,500,5,14.96020263
3.934383552,500,6,15.23010212
3.934383552,500,7,15.31240064
3.934383552,500,8,15.3268763
3.934383552,500,9,15.30850681
3.934383552,500,10,15.23520426
3.934383552,500,11,15.11566307
3.934383552,500,12,15.01815709
3.934383552,500,13,14.94934012
3.934383552,500,14,14.87107535
3.934383552,500,15,14.73775169
3.934383552,500,16,14.7424023
3.934383552,500,17,14.73266795
3.934383552,500,18,14.62885233
3.934383552,500,19,14.56848343
3.934383552,500,20,14.58348487
3.934383552,500,21,14.64983493
3.934383552,500,22,14.58685009
3.934383552,500,23,14.59419584
3.934383552,500,24,14.58171268
3.934383552,500,25,14.58504676
3.934383552,500,26,14.50524953
3.934383552,500,27,14.56959943
3.934383552,500,28,14.60417491
3.934383552,500,29,14.64532699
3.934383552,500,30,14.62819139
3.934383552,550,0,0.00424304
3.934383552,550,1,8.536431744
3.934383552,550,2,12.36991801
3.934383552,550,3,14.43168599
3.934383552,550,4,15.54467814
3.934383552,550,5,16.05925453
3.934383552,550,6,16.31915538
3.934383552,550,7,16.34676362
3.934383552,550,8,16.31256603
3.934383552,550,9,16.26235717
3.934383552,550,10,16.08024665
3.934383552,550,11,15.95590934
3.934383552,550,12,15.8339464
3.934383552,550,13,15.7361314
3.934383552,550,14,15.63202089
3.934383552,550,15,15.63910231
3.934383552,550,16,15.47250616
3.934383552,550,17,15.42803797
3.934383552,550,18,15.39399347
3.934383552,550,19,15.43944779
3.934383552,550,20,15.40366472
3.934383552,550,21,15.42150205
3.934383552,550,22,15.42299953
3.934383552,550,23,15.42832772
3.934383552,550,24,15.32895803
3.934383552,550,25,15.42382343
3.934383552,550,26,15.51853899
3.934383552,550,27,15.45332953
3.934383552,550,28,15.50817525
3.934383552,550,29,15.55984061
3.934383552,550,30,15.49090509
3.934383552,573,0,0.00424304
3.934383552,573,1,8.867258494
3.934383552,573,2,12.83991205
3.934383552,573,3,14.96531353
3.934383552,573,4,16.05835446
3.934383552,573,5,16.570422
3.934383552,573,6,16.78305628
3.934383552,573,7,16.78389302
3.934383552,573,8,16.74903063
3.934383552,573,9,16.57936954
3.934383552,573,10,16.42753362
3.934383552,573,11,16.27216407
3.934383552,573,12,16.1532731
3.934383552,573,13,16.0153892
3.934383552,573,14,15.95027867
3.934383552,573,15,15.90020491
3.934383552,573,16,15.80467635
3.934383552,573,17,15.72905342
3.934383552,573,18,15.775676
3.934383552,573,19,15.73017833
3.934383552,573,20,15.75486443
3.934383552,573,21,15.75128376
3.934383552,573,22,15.77163317
3.934383552,573,23,15.65828375
3.934383552,573,24,15.75886367
3.934383552,573,25,15.8632349
3.934383552,573,26,15.80419264
3.934383552,573,27,15.86155783
3.934383552,573,28,15.90553733
3.934383552,573,29,15.83692049
3.934383552,573,30,15.82311278
