AG [mm],RPM [rpm],Time [ms],brake [NewtonMeter],,,»~®t
0,100,0,0.000324455,,,
0,100,1,0.413605489,,,
0,100,2,0.577686624,,,
0,100,3,0.644313948,,,
0,100,4,0.678774652,,,
0,100,5,0.696627881,,,
0,100,6,0.709337747,,,
0,100,7,0.721663831,,,
0,100,8,0.706026362,,,
0,100,9,0.711647204,,,
0,100,10,0.722209789,,,
0,100,11,0.726899297,,,
0,100,12,0.736722529,,,
0,100,13,0.741659617,,,
0,100,14,0.729029262,,,
0,100,15,0.733371485,,,
0,100,16,0.73860936,,,
0,100,17,0.732823988,,,
0,100,18,0.732055492,,,
0,100,19,0.746353255,,,
0,100,20,0.753542315,,,
0,100,21,0.744149018,,,
0,100,22,0.730750952,,,
0,100,23,0.74181618,,,
0,100,24,0.748806574,,,
0,100,25,0.747773564,0.746773554,0.719006592,0.038618508
0,100,26,0.748249785,,,
0,100,27,0.745715652,,,
0,100,28,0.746110857,,,
0,100,29,0.748361691,,,
0,100,30,0.744429776,,,
0,150,0,0.000324455,,,
0,150,1,0.615723114,,,
0,150,2,0.852593386,,,
0,150,3,0.958990175,,,
0,150,4,1.017148687,,,
0,150,5,1.043648283,,,
0,150,6,1.041622409,,,
0,150,7,1.058342522,,,
0,150,8,1.075697599,,,
0,150,9,1.078226407,,,
0,150,10,1.077848044,,,
0,150,11,1.085135856,,,
0,150,12,1.082751994,,,
0,150,13,1.105142879,,,
0,150,14,1.098783532,,,
0,150,15,1.087659374,,,
0,150,16,1.104529898,,,
0,150,17,1.100156339,,,
0,150,18,1.102959575,,,
0,150,19,1.105300259,,,
0,150,20,1.101689541,,,
0,150,21,1.092323787,,,
0,150,22,1.098704325,,,
0,150,23,1.104402771,,,
0,150,24,1.096899022,,,
0,150,25,1.094052365,1.092886673,1.07787463,
0,150,26,1.082333443,,,
0,150,27,1.100707862,,,
0,150,28,1.10057815,,,
0,150,29,1.098916445,,,
0,150,30,1.080731773,,,
0,200,0,0.000324455,,,
0,200,1,0.813628809,,,
0,200,2,1.13204743,,,
0,200,3,1.281303923,,,
0,200,4,1.33467408,,,
0,200,5,1.373647175,,,
0,200,6,1.399857914,,,
0,200,7,1.403246194,,,
0,200,8,1.417947684,,,
0,200,9,1.41895902,,,
0,200,10,1.444341012,,,
0,200,11,1.423856008,,,
0,200,12,1.445775943,,,
0,200,13,1.445888567,,,
0,200,14,1.445586583,,,
0,200,15,1.446011835,,,
0,200,16,1.439155208,,,
0,200,17,1.453145518,,,
0,200,18,1.446072132,,,
0,200,19,1.438187856,,,
0,200,20,1.442872359,,,
0,200,21,1.448463373,,,
0,200,22,1.436883797,,,
0,200,23,1.433205471,,,
0,200,24,1.448677711,,,
0,200,25,1.443397226,1.439712291,1.435982225,
0,200,26,1.443220688,,,
0,200,27,1.43571189,,,
0,200,28,1.438144827,,,
0,200,29,1.437085026,,,
0,200,30,1.440714091,,,
0,250,0,0.000324455,,,
0,250,1,1.009148024,,,
0,250,2,1.409367055,,,
0,250,3,1.594161903,,,
0,250,4,1.663001389,,,
0,250,5,1.715328446,,,
0,250,6,1.727706185,,,
0,250,7,1.744204694,,,
0,250,8,1.774163116,,,
0,250,9,1.758584014,,,
0,250,10,1.780816028,,,
0,250,11,1.780632848,,,
0,250,12,1.785283769,,,
0,250,13,1.779749177,,,
0,250,14,1.787484847,,,
0,250,15,1.781366651,,,
0,250,16,1.780926895,,,
0,250,17,1.785972152,,,
0,250,18,1.765607876,,,
0,250,19,1.782917674,,,
0,250,20,1.783815755,,,
0,250,21,1.780515259,,,
0,250,22,1.774210246,,,
0,250,23,1.770313653,,,
0,250,24,1.774681979,,,
0,250,25,1.766924058,1.767108075,1.793078998,
0,250,26,1.773808912,,,
0,250,27,1.79289055,,,
0,250,28,1.750026429,,,
0,250,29,1.769902827,,,
0,250,30,1.749095672,,,
0,255.6,0,0.000324455,,,
0,255.6,1,1.031028525,,,
0,255.6,2,1.440667134,,,
0,255.6,3,1.624205166,,,
0,255.6,4,1.698491382,,,
0,255.6,5,1.754049885,,,
0,255.6,6,1.765476371,,,
0,255.6,7,1.782292879,,,
0,255.6,8,1.810160954,,,
0,255.6,9,1.803100033,,,
0,255.6,10,1.816530101,,,
0,255.6,11,1.819770187,,,
0,255.6,12,1.81574438,,,
0,255.6,13,1.820160276,,,
0,255.6,14,1.823505193,,,
0,255.6,15,1.811170714,,,
0,255.6,16,1.827136215,,,
0,255.6,17,1.823138495,,,
0,255.6,18,1.805442134,,,
0,255.6,19,1.826821604,,,
0,255.6,20,1.806781474,,,
0,255.6,21,1.810514285,,,
0,255.6,22,1.809375224,,,
0,255.6,23,1.805245778,,,
0,255.6,24,1.81763626,,,
0,255.6,25,1.799106607,1.802885313,1.833,
0,255.6,26,1.832706614,,,
0,255.6,27,1.801874979,,,
0,255.6,28,1.803846457,,,
0,255.6,29,1.787851985,,,
0,255.6,30,1.791925236,,,
0,300,0,0.000324455,,,
0,300,1,1.203997378,,,
0,300,2,1.690850471,,,
0,300,3,1.883765495,,,
0,300,4,1.990289059,,,
0,300,5,2.031771526,,,
0,300,6,2.06196948,,,
0,300,7,2.090560564,,,
0,300,8,2.101904384,,,
0,300,9,2.107130555,,,
0,300,10,2.112804143,,,
0,300,11,2.111169849,,,
0,300,12,2.116340712,,,
0,300,13,2.100990482,,,
0,300,14,2.115803591,,,
0,300,15,2.095505726,,,
0,300,16,2.115916975,,,
0,300,17,2.101811216,,,
0,300,18,2.10477339,,,
0,300,19,2.094521195,,,
0,300,20,2.101003448,,,
0,300,21,2.088983831,,,
0,300,22,2.119259131,,,
0,300,23,2.088868161,,,
0,300,24,2.094680602,,,
0,300,25,2.066287161,2.066488045,2.148917203,
0,300,26,2.078683471,,,
0,300,27,2.077432684,,,
0,300,28,2.060949453,,,
0,300,29,2.067010269,,,
0,300,30,2.04856523,,,
0,350,0,0.000324455,,,
0,350,1,1.399873579,,,
0,350,2,1.975594812,,,
0,350,3,2.19184506,,,
0,350,4,2.299152039,,,
0,350,5,2.353979296,,,
0,350,6,2.396553111,,,
0,350,7,2.41575109,,,
0,350,8,2.42517463,,,
0,350,9,2.423246632,,,
0,350,10,2.433416091,,,
0,350,11,2.420058637,,,
0,350,12,2.434266458,,,
0,350,13,2.413247317,,,
0,350,14,2.435920464,,,
0,350,15,2.416295099,,,
0,350,16,2.410875275,,,
0,350,17,2.409329812,,,
0,350,18,2.402435549,,,
0,350,19,2.429659742,,,
0,350,20,2.38140108,,,
0,350,21,2.39023348,,,
0,350,22,2.388215706,,,
0,350,23,2.396351868,,,
0,350,24,2.368740156,,,
0,350,25,2.367246549,2.358530473,2.503252364,
0,350,26,2.366542824,,,
0,350,27,2.362142045,,,
0,350,28,2.35465507,,,
0,350,29,2.346817898,,,
0,350,30,2.353778453,,,
0,400,0,0.000324455,,,
0,400,1,1.596346311,,,
0,400,2,2.227388556,,,
0,400,3,2.497399966,,,
0,400,4,2.611493404,,,
0,400,5,2.686055079,,,
0,400,6,2.707517179,,,
0,400,7,2.724551792,,,
0,400,8,2.728798168,,,
0,400,9,2.74180274,,,
0,400,10,2.738035848,,,
0,400,11,2.729765602,,,
0,400,12,2.737321766,,,
0,400,13,2.727438096,,,
0,400,14,2.716337417,,,
0,400,15,2.714582598,,,
0,400,16,2.702668665,,,
0,400,17,2.725537112,,,
0,400,18,2.698584049,,,
0,400,19,2.667984601,,,
0,400,20,2.694646047,,,
0,400,21,2.661599958,,,
0,400,22,2.651893349,,,
0,400,23,2.666237385,,,
0,400,24,2.641631759,,,
0,400,25,2.647314397,2.640401309,2.855843885,
0,400,26,2.635117742,,,
0,400,27,2.64271802,,,
0,400,28,2.6395548,,,
0,400,29,2.637311745,,,
0,400,30,2.640391151,,,
0,450,0,0.000324455,,,
0,450,1,1.789380768,,,
0,450,2,2.490659573,,,
0,450,3,2.786001407,,,
0,450,4,2.91031826,,,
0,450,5,2.968053397,,,
0,450,6,3.013100169,,,
0,450,7,3.019972362,,,
0,450,8,3.032929777,,,
0,450,9,3.035810587,,,
0,450,10,3.011095372,,,
0,450,11,3.028415902,,,
0,450,12,3.01139632,,,
0,450,13,3.002058992,,,
0,450,14,2.994540826,,,
0,450,15,3.014782249,,,
0,450,16,2.984206373,,,
0,450,17,2.95688368,,,
0,450,18,2.961123525,,,
0,450,19,2.947749929,,,
0,450,20,2.921972385,,,
0,450,21,2.933344393,,,
0,450,22,2.92228524,,,
0,450,23,2.9127259,,,
0,450,24,2.91825405,,,
0,450,25,2.916647862,2.909363627,3.206455641,
0,450,26,2.914586864,,,
0,450,27,2.918436118,,,
0,450,28,2.914154815,,,
0,450,29,2.894939841,,,
0,450,30,2.897416264,,,
0,500,0,0.000324455,,,
0,500,1,1.983994218,,,
0,500,2,2.756228977,,,
0,500,3,3.065752368,,,
0,500,4,3.223162908,,,
0,500,5,3.272801343,,,
0,500,6,3.297880692,,,
0,500,7,3.309270596,,,
0,500,8,3.309351467,,,
0,500,9,3.292821931,,,
0,500,10,3.301540434,,,
0,500,11,3.293217087,,,
0,500,12,3.282448383,,,
0,500,13,3.272151285,,,
0,500,14,3.242126508,,,
0,500,15,3.238756505,,,
0,500,16,3.251989779,,,
0,500,17,3.208909943,,,
0,500,18,3.191895807,,,
0,500,19,3.195319058,,,
0,500,20,3.189492646,,,
0,500,21,3.193025284,,,
0,500,22,3.191839969,,,
0,500,23,3.177638944,,,
0,500,24,3.180091906,,,
0,500,25,3.168598361,3.17780708,3.554856552,
0,500,26,3.163010589,,,
0,500,27,3.16677923,,,
0,500,28,3.185214384,,,
0,500,29,3.194248314,,,
0,500,30,3.1889916,,,
0,550,0,0.000324455,,,
0,550,1,2.179363756,,,
0,550,2,3.007775412,,,
0,550,3,3.344221737,,,
0,550,4,3.481175721,,,
0,550,5,3.552851707,,,
0,550,6,3.575509649,,,
0,550,7,3.570560055,,,
0,550,8,3.573542905,,,
0,550,9,3.575164486,,,
0,550,10,3.555150126,,,
0,550,11,3.545238943,,,
0,550,12,3.545539257,,,
0,550,13,3.499970902,,,
0,550,14,3.481583419,,,
0,550,15,3.478032807,,,
0,550,16,3.456793449,,,
0,550,17,3.46008059,,,
0,550,18,3.450002544,,,
0,550,19,3.441444793,,,
0,550,20,3.444361568,,,
0,550,21,3.430809008,,,
0,550,22,3.429251196,,,
0,550,23,3.423692741,,,
0,550,24,3.418886266,,,
0,550,25,3.433486232,3.442723674,3.90082112,
0,550,26,3.427068076,,,
0,550,27,3.433917999,,,
0,550,28,3.437117954,,,
0,550,29,3.451862575,,,
0,550,30,3.472889209,,,
0,573,0,0.000324455,,,
0,573,1,2.268011246,,,
0,573,2,3.125307283,,,
0,573,3,3.467535467,,,
0,573,4,3.61416416,,,
0,573,5,3.682394148,,,
0,573,6,3.69865405,,,
0,573,7,3.698298025,,,
0,573,8,3.677795633,,,
0,573,9,3.674810337,,,
0,573,10,3.656677194,,,
0,573,11,3.640282079,,,
0,573,12,3.643924629,,,
0,573,13,3.615519077,,,
0,573,14,3.618663582,,,
0,573,15,3.585885319,,,
0,573,16,3.565193088,,,
0,573,17,3.554750938,,,
0,573,18,3.544348478,,,
0,573,19,3.554750954,,,
0,573,20,3.5387794,,,
0,573,21,3.538681358,,,
0,573,22,3.531790346,,,
0,573,23,3.527853363,,,
0,573,24,3.541942019,,,
0,573,25,3.538377077,3.564333712,4.059086045,
0,573,26,3.549003072,,,
0,573,27,3.55719726,,,
0,573,28,3.564980434,,,
0,573,29,3.585388143,,,
0,573,30,3.591056287,,,
